subreddit,num_submissions,avg_score,lower_95,median,upper_95
reddit.com,8320415,2.9,0,1,6
AskReddit,6616431,8.5,0,1,19
funny,6069149,62.3,0,1,871
pics,4507050,48.8,0,1,374
AdviceAnimals,3522522,56.5,0,1,700
gaming,2591618,40.8,0,1,378
videos,2499987,28.0,0,1,127
leagueoflegends,2205540,20.6,0,1,147
trees,1983327,38.0,0,2,387
politics,1946508,29.8,0,1,201
aww,1818415,67.7,0,4,709
WTF,1755786,60.5,0,1,748
Fireteams,1604035,1.0,0,1,2
worldnews,1565747,31.5,0,1,173
Music,1551241,8.1,0,1,23
POLITIC,1508191,1.4,0,1,5
news,1487996,19.1,0,1,75
technology,1218696,21.6,0,1,74
fffffffuuuuuuuuuuuu,1134615,46.5,0,1,582
todayilearned,1063942,86.8,0,1,1065
GlobalOffensiveTrade,970560,1.2,0,1,3
atheism,907273,48.7,0,2,567
gonewild,795502,118.1,0,23,1048
buildapc,792260,3.7,0,1,15
circlejerk,785380,24.8,0,1,176
movies,783334,27.8,0,1,120
business,725101,3.8,0,1,16
CookingRecipesStuff,641703,1.0,1,1,1
friendsafari,617306,1.2,0,1,3
askscience,604641,11.1,0,1,38
Minecraft,600049,42.6,0,1,440
DotA2,585558,28.0,0,1,307
dirtypenpals,564232,1.5,0,1,6
explainlikeimfive,558266,13.3,0,1,43
Showerthoughts,554464,28.2,0,1,136
science,547574,36.2,0,1,226
GlobalOffensive,492305,20.4,0,1,168
pcmasterrace,474709,50.6,0,2,463
Dota2Trade,431528,1.3,0,1,5
newsofiran,427519,1.0,1,1,1
pokemon,416548,74.6,0,2,787
offbeat,408360,12.5,0,1,70
tf2trade,402930,1.6,0,1,6
soccer,401464,46.4,0,1,424
DestinyTheGame,393984,16.4,0,1,149
SteamGameSwap,393949,1.2,0,1,3
nsfw,393330,62.9,0,1,543
listentothis,392987,6.9,0,1,44
hiphopheads,389466,19.8,0,1,160
techsupport,388208,2.0,0,1,9
gifs,387990,157.5,0,1,2152
starcraft,384517,32.1,0,1,307
mildlyinteresting,380596,70.5,0,1,593
Fitness,378164,12.3,0,1,64
betternews,374252,1.0,0,1,2
nba,367403,47.9,0,2,436
relationships,363212,15.4,0,2,116
ModerationLog,356755,1.1,0,1,3
Android,346765,30.4,0,1,254
tipofmytongue,341424,3.6,0,2,17
NoFap,337612,8.1,0,1,60
sports,333227,13.2,0,1,45
Health,332721,3.5,0,1,23
conspiracy,330183,29.5,0,5,197
IAmA,320493,43.2,0,1,334
hearthstone,317184,16.8,0,0,155
wow,316851,25.9,0,1,245
entertainment,314554,6.7,0,1,42
Bitcoin,302070,19.9,0,2,160
travel,300203,7.1,0,1,23
firstworldproblems,293734,15.6,0,1,100
teenagers,293597,25.6,0,2,222
nfl,292411,48.8,0,1,443
food,289546,34.5,0,1,205
spam,287528,1.0,0,1,2
electronic_cigarette,285583,10.8,0,2,74
Art,285219,18.8,0,1,91
programming,284299,23.1,0,1,202
sex,283781,17.2,0,1,116
reactiongifs,281236,106.7,0,4,1181
SquaredCircle,281019,32.2,0,2,293
fantasyfootball,280945,7.3,0,1,55
cats,280521,57.8,0,6,471
malefashionadvice,271741,13.5,0,1,81
modlog,268578,1.0,1,1,1
pokemontrades,267729,1.4,0,1,4
r4r,260796,2.2,0,1,11
india,257825,12.7,0,3,91
dirtykikpals,253712,1.0,0,1,3
mylittlepony,253257,57.1,0,14,382
jailbreak,253125,7.1,0,1,59
tf2,252776,36.5,0,2,331
comics,252653,40.9,0,1,294
Games,246107,49.0,0,1,467
bestof,244967,34.0,0,1,235
offmychest,244901,12.9,0,2,70
general,241589,1.0,1,1,1
MakeupAddiction,240353,62.5,0,7,535
cringepics,237813,109.7,0,1,1224
skyrim,230555,55.1,0,2,526
dayz,227410,15.9,0,1,151
itookapicture,226992,18.1,0,2,121
Libertarian,220519,25.7,0,3,189
TwoXChromosomes,213870,37.7,0,2,321
cars,212021,15.7,0,1,136
hockey,211690,50.3,0,4,413
apple,210108,18.0,0,1,154
magicTCG,208246,26.1,0,1,263
anime,205953,36.1,0,1,324
books,205823,24.4,0,1,107
Smite,203513,9.0,0,1,87
runescape,203281,15.0,0,1,130
depression,197436,7.4,0,2,42
canada,195514,33.1,0,3,259
cringe,194553,30.9,0,1,262
FIFA,193158,6.4,0,1,55
gameofthrones,190903,72.7,0,1,825
tipofmypenis,189214,3.2,0,1,19
DoesAnybodyElse,186669,23.5,0,1,195
Random_Acts_Of_Amazon,186419,24.1,1,24,48
environment,185996,18.1,0,3,148
guns,184375,33.9,0,3,296
personalfinance,184313,11.1,0,2,51
motorcycles,184015,31.7,0,3,254
dogecoin,182506,26.6,0,4,205
Guildwars2,180903,15.4,0,1,142
conspiro,179881,1.1,0,1,3
Christianity,179223,9.5,0,1,67
xboxone,179152,16.0,0,1,148
gossip,178646,1.1,0,1,3
PS4,178177,18.8,0,1,162
ladybonersgw,176488,45.4,0,17,271
Economics,175010,13.9,0,1,121
Drugs,173956,16.9,0,1,129
Metal,172525,12.6,0,2,90
Kikpals,171332,1.0,0,1,3
relationship_advice,170924,5.1,0,1,36
Jokes,167524,61.6,0,1,497
television,167310,25.8,0,1,111
EarthPorn,167309,71.7,0,3,627
photography,164814,11.0,0,1,83
smashbros,164727,38.8,0,1,368
GrandTheftAutoV,163869,31.0,0,1,275
worldpolitics,163614,19.7,0,2,153
2007scape,162513,12.7,0,1,112
gentlemanboners,162110,131.4,0,19,1133
australia,160962,30.5,0,4,226
uncensorship,159028,1.6,1,1,2
MMA,156627,29.6,0,2,242
ImGoingToHellForThis,156243,115.2,0,2,1235
electronicmusic,154491,7.9,0,1,57
WritingPrompts,152653,16.2,0,2,83
null,151999,3.3,0,1,15
bicycling,150324,30.0,0,4,225
Diablo,149488,13.8,0,1,132
AskHistorians,146387,28.1,0,4,201
RedditLaqueristas,145848,50.8,1,17,328
photoshopbattles,145309,41.6,0,1,208
keto,144618,22.6,0,5,155
CFB,144217,31.5,0,6,235
RisingThreads,143940,1.2,0,1,3
woahdude,143310,117.7,0,4,1408
Guitar,142654,11.8,0,2,87
ffxiv,140622,10.3,0,0,100
education,139622,2.9,0,1,23
baseball,138402,40.0,0,3,318
doctorwho,138317,63.5,0,5,660
summonerschool,138258,4.9,0,1,31
loseit,137393,30.3,0,5,246
Conservative,136725,14.2,0,4,99
longtail,135956,1.2,0,1,3
havoc_bot,134704,2.4,0,2,8
comicbooks,134348,34.4,0,3,305
LadyBoners,134030,83.7,0,22,638
me_irl,133521,83.9,0,5,651
iphone,132149,13.0,0,1,112
denofgeek,131965,1.0,1,1,1
MLPLounge,130922,14.3,0,8,75
breakingbad,130754,54.6,0,1,588
KerbalSpaceProgram,130102,37.7,0,4,291
secretsanta,129990,12.4,0,3,86
nottheonion,129769,49.5,0,1,339
BabyBumps,129275,23.3,1,12,121
learnprogramming,129052,7.0,0,1,37
LifeProTips,128769,56.5,0,1,534
unitedkingdom,128716,25.1,0,3,198
MensRights,128441,38.9,0,7,289
DarkSouls2,128231,9.7,0,1,85
lgbt,127684,27.1,0,4,227
AskWomen,127654,14.0,0,1,106
ClashOfClans,127534,14.1,0,1,129
TrollXChromosomes,127284,196.5,0,66,1276
space,126367,59.4,0,2,433
self,126137,15.3,0,1,136
OkCupid,125865,15.7,0,2,132
tattoos,122682,59.0,0,2,546
whowouldwin,122646,12.6,1,4,72
DIY,121768,51.6,0,1,402
Sneakers,121353,20.7,0,5,131
battlefield_4,121076,24.2,0,1,231
halo,121064,27.3,0,2,255
Stuff,120770,1.9,0,1,3
Celebs,119715,81.9,0,17,509
legaladvice,118204,5.6,0,2,33
battlefield3,117460,24.5,0,1,242
StarWars,116956,61.7,0,3,589
Steam,116298,20.2,0,1,144
gonewildcurvy,115207,123.0,1,62,655
ShitYouCanAfford,115072,1.0,1,1,1
gadgets,113341,17.4,0,1,139
redditgetsdrawn,112963,11.6,0,2,79
HITsWorthTurkingFor,112648,9.0,0,6,35
4chan,112456,309.6,0,30,2537
webcomics,112276,11.2,0,1,97
RealGirls,112048,169.1,0,33,1328
web_design,111876,9.4,0,1,82
facepalm,110328,92.4,0,4,965
GetMotivated,109698,59.5,0,2,482
ACTrade,109092,1.3,0,1,4
amiugly,109017,4.8,0,1,31
Planetside,108916,21.3,0,3,168
amiibo,108656,9.4,0,1,82
FoodPorn,107701,68.9,0,6,596
asoiaf,107423,33.9,0,2,289
Fallout,107155,67.6,0,3,671
twitchplayspokemon,107092,41.2,0,5,328
GifSound,105796,15.9,0,2,129
darksouls,105770,18.3,0,2,160
nosleep,105598,43.8,0,4,382
AskMen,105115,20.0,0,4,143
WeAreTheMusicMakers,104884,9.2,0,2,70
pathofexile,103761,12.1,0,1,116
dubstep,103681,7.2,0,1,52
penis,103412,13.3,0,7,65
tifu,101888,72.8,0,3,644
picrequests,101029,2.1,0,1,9
formula1,100808,38.7,0,6,302
DirtySnapchat,100782,1.1,0,1,3
writing,100201,9.5,0,1,68
jobs,99513,4.9,0,1,33
europe,99113,27.5,0,4,188
Rateme,98451,5.4,0,1,45
ass,96884,78.3,0,19,532
sysadmin,96729,14.9,0,3,115
dogs,96564,11.1,0,1,101
Eve,95858,22.1,0,4,167
GoneWildPlus,95556,56.2,0,37,253
realtech,95496,1.8,0,1,7
mindcrack,95384,33.6,0,7,253
cigars,95345,12.1,0,8,49
Homebrewing,95240,16.1,0,3,133
seduction,94021,15.0,0,2,133
creepy,93790,69.0,0,1,628
fashion,93113,2.2,0,1,12
thebutton,92788,22.4,0,1,64
casualiama,92520,7.4,0,1,53
shittyaskscience,91770,46.1,0,3,346
exmormon,91570,24.9,1,11,136
GiftofGames,91333,3.2,0,1,14
TheLastAirbender,91282,92.6,0,5,885
firstworldanarchists,90948,71.1,0,3,692
SuicideWatch,90518,5.7,0,3,25
finance,90377,2.2,0,1,14
Boobies,90160,73.1,0,16,550
toronto,89947,21.6,0,2,183
TumblrInAction,89849,128.1,0,18,1040
linux,88268,31.0,0,2,272
androidfiles,87982,1.0,1,1,1
running,87647,17.3,0,2,136
RandomActsOfBlowJob,87565,2.4,0,1,18
nyc,87288,21.3,0,1,184
chicago,87166,22.1,0,2,200
mildlyinfuriating,86731,68.1,0,4,550
h1z1,86454,4.7,0,1,40
thewalkingdead,86363,65.7,0,1,740
mcservers,85854,1.3,0,1,6
Poetry,85688,3.0,0,1,16
gardening,84996,20.2,0,3,166
TeamRedditTeams,84665,1.0,0,1,3
sweden,84466,32.3,0,3,254
history,84056,26.6,0,1,249
Cooking,83908,22.6,0,1,207
hardwareswap,83865,3.2,0,2,10
vinyl,83660,16.8,0,3,135
AdoptMyVillager,83650,1.8,0,1,6
AndroidQuestions,83298,3.1,0,2,12
humor,83195,21.3,0,1,254
law,82999,4.8,0,1,45
ultrahardcore,82971,2.8,0,1,17
Advice,82842,1.9,0,1,8
SkincareAddiction,81986,16.5,0,2,98
AppNana,81850,1.0,0,1,2
NSFW_GIF,81476,135.4,0,36,982
drunk,81061,32.2,0,3,295
britishproblems,81015,48.4,0,8,399
windowsphone,80818,15.9,0,3,133
swtor,80545,12.7,0,1,106
yugioh,80410,7.3,0,3,47
longboarding,80396,26.1,0,6,182
geek,80325,52.2,0,1,591
elderscrollsonline,80090,8.5,0,1,73
NoStupidQuestions,79953,13.9,0,4,89
Design,79698,13.9,0,1,122
news_r,79532,1.0,0,1,1
buildapcforme,79358,2.2,0,1,8
MechanicalKeyboards,79343,21.1,0,3,148
Aquariums,79322,18.5,0,4,140
golf,79160,16.2,0,3,130
Pokemongiveaway,78938,2.1,0,1,10
memes,77997,14.5,0,1,146
wallpapers,77676,62.8,0,2,709
Watches,77524,13.2,0,1,113
Seattle,77452,27.1,0,3,238
gameswap,77329,2.0,0,1,6
nocontext,76912,20.4,0,2,224
baindaily,76801,1.0,1,1,1
podemos,76514,13.6,0,3,103
Gunners,76361,27.5,0,4,202
civ,76224,39.9,0,4,348
islam,76147,8.8,0,2,65
MURICA,76075,84.1,0,6,910
Autos,75826,26.3,0,1,264
OldSchoolCool,75274,97.0,0,8,959
Documentaries,75103,27.8,0,1,221
heroesofthestorm,74781,15.7,0,1,148
listentoremoved,74142,1.0,1,1,1
beer,74083,16.0,0,1,143
webdev,73973,9.6,0,1,83
diablo3,73898,8.2,0,1,76
SuggestALaptop,73527,2.0,0,1,7
subaru,73487,31.3,0,7,222
SubredditDrama,73398,37.2,0,5,281
Filmmakers,73395,8.9,0,1,78
PornGifsbyBot,73010,1.6,0,1,6
gamegrumps,72974,57.5,0,5,467
Entrepreneur,72970,7.5,0,1,50
harrypotter,72495,80.2,0,8,848
supremeclothing,72309,4.9,0,1,38
batman,72307,68.8,0,6,708
Mukki,72211,1.0,1,1,1
applehelp,71759,2.6,0,2,9
remove,71494,1.0,1,1,1
TheSimpsons,71292,67.3,0,13,568
software,71201,2.6,0,1,19
3DS,70595,13.9,0,1,120
dirtyr4r,70502,1.4,0,1,8
DnD,70481,22.8,0,3,187
ireland,70217,22.1,0,5,164
Frugal,70110,45.0,0,4,418
SEO,69933,1.5,0,1,8
Military,69838,28.5,0,2,273
Israel,69808,6.0,0,1,42
futurebeats,69628,7.2,0,2,52
investing,69215,7.8,0,1,54
awwnime,68807,94.3,1,75,313
Random_Acts_Of_Pizza,68782,4.9,0,1,28
Parenting,68717,18.8,0,3,162
economy,68628,9.3,0,2,70
bodybuilding,68626,23.4,0,1,227
bindingofisaac,68343,25.4,0,2,213
CasualConversation,68286,14.0,0,5,68
dating_advice,67986,2.8,0,1,14
NoSillySuffix,67902,2.2,0,1,10
math,67675,14.0,0,1,130
Warthunder,67449,17.2,0,3,136
worldpowers,67307,2.8,1,2,9
RealEstate,67082,2.3,0,1,13
newsokur,66995,13.6,0,9,57
airsoft,66943,11.0,0,3,84
forhire,66711,3.8,0,2,15
philosophy,66485,13.0,0,1,118
boardgames,66144,16.3,0,5,110
PuzzleAndDragons,66122,5.4,0,2,35
roosterteeth,65875,61.7,0,1,591
beards,65655,44.5,0,7,358
occupywallstreet,65363,34.2,0,5,291
feedthebeast,65264,9.9,0,2,81
Terraria,65059,22.7,0,2,197
youtubehaiku,64851,77.5,0,1,752
Austin,64834,19.5,0,2,169
Anarchism,64799,19.5,0,7,136
raisedbynarcissists,64775,29.1,1,9,196
TrueReddit,64753,58.7,0,5,644
Portland,64687,20.7,0,3,176
masseffect,64235,56.7,0,6,535
asmr,64178,14.8,0,3,105
whatsthisbug,64095,10.4,0,4,71
youtube,64019,2.5,0,1,15
AnythingGoesNews,63661,6.6,0,2,50
Naruto,63616,35.5,0,4,309
community,63613,77.9,0,5,867
HomeworkHelp,63494,1.6,0,1,5
dogemarket,63287,1.8,0,1,7
lego,63275,51.3,0,8,426
LosAngeles,63140,21.7,0,3,192
GameDeals,62922,49.6,0,13,286
LiverpoolFC,62796,26.6,0,7,181
Marijuana,62544,20.8,0,2,190
TechNewsToday,62421,8.0,0,2,57
gaybros,62372,37.6,0,7,314
reddevils,62157,31.7,0,6,221
skateboarding,62056,25.6,0,3,236
Bad_Cop_No_Donut,61880,43.7,0,13,300
MonsterHunter,61338,14.4,0,2,125
oculus,61151,18.4,0,5,128
mexico,61144,12.5,0,5,81
cosplay,61052,61.6,0,4,635
photocritique,61036,7.7,0,2,62
zelda,61025,62.6,0,6,639
boston,60925,21.3,0,2,192
latafanera,60688,1.0,0,1,1
EliteDangerous,60470,14.0,0,2,112
InternetIsBeautiful,60403,40.0,0,1,333
nsfw_videos,60238,1.9,0,1,12
video,60104,3.8,0,1,31
vita,60078,12.7,0,3,87
nostalgia,59988,54.1,0,8,510
treemusic,59901,7.5,0,3,50
aviation,59665,30.1,0,5,245
summonerswar,59644,2.7,0,1,22
startrek,59425,40.8,0,5,392
rpg,59383,19.8,0,6,143
ukpolitics,59184,10.8,0,3,69
gamecollecting,59165,19.6,0,9,112
Pets,59093,8.0,0,1,66
adventuretime,59039,89.2,0,9,885
childfree,58887,75.5,0,21,535
unremovable,58692,1.1,0,1,2
trap,58613,9.1,0,1,75
wiiu,58431,20.6,0,2,173
energy,58364,11.3,0,3,78
gamedev,58309,16.3,0,2,133
Warframe,58180,14.5,0,2,113
WorldofTanks,57983,12.9,0,2,101
atheismbot,57910,1.5,0,1,6
scifi,57893,39.6,0,2,435
Fishing,57867,21.0,0,5,146
Marvel,57776,45.3,0,3,382
wicked_edge,57710,19.6,0,7,128
montageparodies,57526,26.2,0,1,213
Anxiety,57523,9.4,0,3,64
streetwear,57500,13.8,0,2,113
Assistance,57414,6.1,0,3,32
monkeynewsbot,57287,1.0,1,1,1
carporn,57056,73.5,0,14,624
fantasybaseball,56852,3.8,0,2,22
stopdrinking,56559,11.1,1,6,54
opiates,56492,5.8,0,3,31
CrazyIdeas,56126,50.0,0,3,486
bravefrontier,56059,7.7,0,1,61
answers,56031,9.2,0,1,93
OhGirlIamInTrouble,55701,1.0,1,1,1
progressive,55588,22.5,0,6,172
BostonRSS,55548,1.0,1,1,1
inthenews,55080,7.3,0,1,55
pcgaming,55011,23.6,0,1,211
asktransgender,54980,8.6,0,5,39
DarkNetMarkets,54978,5.5,0,2,33
google,54528,15.2,0,1,158
trance,54438,6.6,0,3,39
Futurology,54281,74.2,0,6,648
TheRedPill,54208,30.2,0,2,255
PS3,54169,13.9,0,2,109
socialism,53997,19.6,0,4,160
WildStar,53939,7.3,0,1,60
cheatatmathhomework,53919,1.4,0,1,4
BlackGirlCams,53840,1.0,1,1,1
MLS,53727,28.8,0,13,160
rupaulsdragrace,53655,25.8,0,6,176
HistoryPorn,53611,154.2,1,27,1750
Aggregat0r,53579,1.1,1,1,2
vegan,53225,24.7,0,8,182
nsfw_gifs,53181,98.9,0,28,678
MLPLite,53127,1.0,0,1,2
archeage,52923,5.8,0,1,46
woodworking,52810,35.6,0,4,295
beerporn,52493,17.2,0,10,82
syriancivilwar,52309,9.2,0,4,48
sexytimechat,52156,1.0,0,1,2
CoDCompetitive,51656,8.6,0,1,63
OnePiece,51648,26.3,0,3,219
Unexpected,51489,149.3,0,5,2052
vancouver,51426,15.0,0,2,123
Tinder,51278,78.0,0,7,525
witcher,51053,19.4,0,1,158
Braveryjerk,50887,36.1,0,17,207
PKA,50788,17.8,0,1,168
hardware,50779,10.7,0,1,94
notinteresting,50587,36.0,0,3,311
Cricket,50567,13.7,0,3,93
undeleteWorldNews,50551,1.0,0,1,2
AnimalCrossing,50468,33.8,0,3,293
pornvids,50321,18.0,0,1,142
Romania,50216,13.9,0,7,70
fakeid,50166,2.5,0,1,13
IndieGaming,50110,11.8,0,2,91
mistyfront,50068,2.3,0,1,13
skyrimmods,49927,7.3,0,2,49
listentothat,49916,1.1,1,1,2
edmproduction,49777,8.6,0,1,72
